"stco","ppt","year"
1001,963.411838038896,2018
1003,843.106968387612,2018
1005,843.305057755841,2018
1007,884.273157126952,2018
1009,768.641531562,2018
1011,742.294188801565,2018
1013,953.721942769024,2018
1015,801.002467302302,2018
1017,765.686198432134,2018
1019,809.058169526605,2018
1021,962.872953340836,2018
1023,894.26974306401,2018
1025,921.183727563546,2018
1027,852.88894358972,2018
1029,810.992768804949,2018
1031,801.025949188031,2018
1033,814.002488476411,2018
1035,1023.2172516055,2018
1037,788.075666726931,2018
1039,928.984800456782,2018
1041,903.158770772201,2018
1043,769.891776264397,2018
1045,796.167451514409,2018
1047,933.014933326086,2018
1049,775.828489520468,2018
1051,781.377281650902,2018
1053,915.683515808932,2018
1055,746.285477578735,2018
1057,908.188906064711,2018
1059,811.768741644981,2018
1061,832.958777048477,2018
1063,859.244290303456,2018
1065,845.277834291025,2018
1067,856.330299000605,2018
1069,854.988745678339,2018
1071,786.262495044041,2018
1073,804.194479940277,2018
1075,729.108300633727,2018
1077,813.614491216865,2018
1079,836.988393675737,2018
1081,881.875291788555,2018
1083,776.124652095631,2018
1085,756.263856674832,2018
1087,763.513368691923,2018
1089,737.980469636526,2018
1091,897.5533070808,2018
1093,848.818446280694,2018
1095,725.349110262126,2018
1097,948.478907508915,2018
1099,883.103202932542,2018
1101,746.88663829519,2018
1103,821.203051264698,2018
1105,864.642122515371,2018
1107,794.865417963675,2018
1109,769.505226260021,2018
1111,825.857032392393,2018
1113,851.614496488986,2018
1115,767.16809429832,2018
1117,807.768702121868,2018
1119,828.721431681794,2018
1121,751.173924769977,2018
1123,739.638948592348,2018
1125,815.939512577548,2018
1127,900.954151043942,2018
1129,942.498826462021,2018
1131,922.086264042673,2018
1133,833.648167490911,2018
4001,110.754442218987,2018
4003,136.638816506965,2018
4005,111.882175954709,2018
4007,149.110773432903,2018
4009,91.3259977514711,2018
4011,88.2862768002802,2018
4012,29.7379439769027,2018
4013,55.0104776136278,2018
4015,43.8401891470664,2018
4017,141.430055125186,2018
4019,109.939840197981,2018
4021,80.545745359064,2018
4023,210.74395337867,2018
4025,168.646824029647,2018
4027,26.499810323317,2018
5001,747.738730169787,2018
5003,817.16569225311,2018
5005,634.422017318395,2018
5007,642.758838609299,2018
5009,624.816765099788,2018
5011,799.676721824912,2018
5013,832.270439930881,2018
5015,606.411291503856,2018
5017,841.091308800732,2018
5019,755.803631545247,2018
5021,629.681871630708,2018
5023,657.820548366463,2018
5025,821.807164711131,2018
5027,491.638547465223,2018
5029,706.721515048334,2018
5031,709.503427731983,2018
5033,709.601300521156,2018
5035,646.158877954366,2018
5037,657.25779258859,2018
5039,778.830302099699,2018
5041,756.588978304696,2018
5043,738.326963550435,2018
5045,649.980953935274,2018
5047,751.420767829938,2018
5049,570.294854489059,2018
5051,749.111875720049,2018
5053,806.22706218959,2018
5055,708.197822569888,2018
5057,646.901386619554,2018
5059,807.042789445102,2018
5061,770.677153599743,2018
5063,612.069374916562,2018
5065,614.961525058554,2018
5067,627.704984319222,2018
5069,772.850193628963,2018
5071,757.604363753243,2018
5073,471.957164595131,2018
5075,639.67632546897,2018
5077,680.767186812944,2018
5079,804.96346623389,2018
5081,512.914654522085,2018
5083,725.550495800438,2018
5085,753.051678572906,2018
5087,644.167852940847,2018
5089,625.714574962088,2018
5091,455.164302953629,2018
5093,705.806266074406,2018
5095,733.475060138657,2018
5097,810.650917897109,2018
5099,639.733999640026,2018
5101,703.063013315921,2018
5103,683.997009708032,2018
5105,740.629687221045,2018
5107,810.427237599749,2018
5109,853.916067136959,2018
5111,645.649195754551,2018
5113,730.81048214739,2018
5115,733.52748771204,2018
5117,686.257623269091,2018
5119,715.306394359318,2018
5121,625.862979770613,2018
5123,696.086603871119,2018
5125,708.214547856984,2018
5127,758.281042209579,2018
5129,713.609138812642,2018
5131,763.832721551576,2018
5133,711.772412385033,2018
5135,627.65613455765,2018
5137,708.819083194001,2018
5139,561.970485051375,2018
5141,808.507076488129,2018
5143,668.764085187875,2018
5145,689.535868168739,2018
5147,615.979438280459,2018
5149,676.927671590368,2018
6001,124.624760538643,2018
6003,254.046881490199,2018
6005,275.39644435607,2018
6007,218.635312572995,2018
6009,267.704320626869,2018
6011,137.583419635119,2018
6013,136.624677656543,2018
6015,657.609310899995,2018
6017,409.838428895672,2018
6019,93.1046636751095,2018
6021,141.848677748462,2018
6023,404.922874778766,2018
6025,3.02040842548011,2018
6027,88.3151986196518,2018
6029,67.1058833648681,2018
6031,72.0355099897618,2018
6033,262.028017395064,2018
6035,260.077885574433,2018
6037,62.2510878261869,2018
6039,132.877255556699,2018
6041,275.209062579431,2018
6043,252.05835212479,2018
6045,334.120966348626,2018
6047,109.787364362332,2018
6049,221.38021983796,2018
6051,156.292441518048,2018
6053,131.179706852757,2018
6055,271.818115370394,2018
6057,380.172662260424,2018
6059,52.6023913168446,2018
6061,234.303195576684,2018
6063,328.492704309934,2018
6065,27.527861270785,2018
6067,178.991269974266,2018
6069,150.599225715043,2018
6071,37.2985721863512,2018
6073,67.8852437222753,2018
6075,NA,2018
6077,139.127580990872,2018
6079,174.759521392779,2018
6081,243.651791377019,2018
6083,166.251118414097,2018
6085,193.375682501084,2018
6087,241.033418225312,2018
6089,296.869983305356,2018
6091,298.203833285482,2018
6093,161.842115271887,2018
6095,160.842776109269,2018
6097,300.679920332953,2018
6099,117.154363496908,2018
6101,204.828792142579,2018
6103,202.328517191434,2018
6105,283.27325922857,2018
6107,96.1224846214552,2018
6109,302.53302996725,2018
6111,150.105702710428,2018
6113,175.01618817808,2018
6115,230.238496138972,2018
8001,264.223780897148,2018
8003,84.4685096897362,2018
8005,319.246364139377,2018
8007,140.579615373841,2018
8009,307.244274607008,2018
8011,204.540297141212,2018
8013,289.655412934085,2018
8014,252.145457617221,2018
8015,90.5126558992155,2018
8017,290.82866370343,2018
8019,277.847424119536,2018
8021,83.8496387303908,2018
8023,84.3189133883957,2018
8025,133.704486026247,2018
8027,127.778347444495,2018
8029,75.7175582361025,2018
8031,231.077524526551,2018
8033,91.5597157727791,2018
8035,271.615502348462,2018
8037,169.12412057766,2018
8039,283.83515450406,2018
8041,251.441293616246,2018
8043,130.788776240402,2018
8045,157.225173831822,2018
8047,290.164823064548,2018
8049,153.705163804741,2018
8051,124.92537495383,2018
8053,175.528332817207,2018
8055,157.041596185146,2018
8057,163.663024132082,2018
8059,240.530179369501,2018
8061,280.695097862336,2018
8063,365.368162770619,2018
8065,133.758531183705,2018
8067,119.747768670168,2018
8069,267.067398859117,2018
8071,210.891145562859,2018
8073,295.036083969476,2018
8075,376.25320222432,2018
8077,89.941153660834,2018
8079,149.86526622326,2018
8081,150.847376723506,2018
8083,96.8228193009335,2018
8085,69.3279994320917,2018
8087,302.671409929789,2018
8089,157.773490248542,2018
8091,118.622492398227,2018
8093,185.464499709873,2018
8095,356.033152735368,2018
8097,195.475547127167,2018
8099,283.285567876755,2018
8101,141.001898423884,2018
8103,171.580007563737,2018
8105,83.00056496792,2018
8107,194.665996127119,2018
8109,71.3548746855236,2018
8111,NA,2018
8113,97.8602105290287,2018
8115,439.983544125208,2018
8117,180.403718969724,2018
8119,205.580707857379,2018
8121,366.063718318599,2018
8123,271.675853093546,2018
8125,403.029697601967,2018
9001,809.076500742602,2018
9003,747.69142331431,2018
9005,731.556964116203,2018
9007,719.662279509263,2018
9009,717.241012255317,2018
9011,671.059548689815,2018
9013,710.594373315455,2018
9015,701.817951066411,2018
10001,731.330872583512,2018
10003,738.086622235191,2018
10005,743.03441627533,2018
12001,1130.58259903289,2018
12003,1034.95595480307,2018
12005,1153.98961011297,2018
12007,1020.08740437679,2018
12009,962.164031377059,2018
12011,964.605817327967,2018
12013,1181.87799174394,2018
12015,1135.50832467182,2018
12017,1146.22270752045,2018
12019,1025.05026045637,2018
12021,935.068712928281,2018
12023,983.679772745187,2018
12027,1131.11367298931,2018
12029,1192.50754963189,2018
12031,1013.18043180085,2018
12033,805.364922028917,2018
12035,1150.41127238873,2018
12037,1082.90876293456,2018
12039,893.879518940568,2018
12041,1157.36905514219,2018
12043,870.136794067744,2018
12045,1104.06677410554,2018
12047,938.194503087426,2018
12049,1102.0703204597,2018
12051,979.726514873803,2018
12053,1220.96458702888,2018
12055,976.255586308676,2018
12057,1142.06381442288,2018
12059,946.759159239089,2018
12061,935.916489058635,2018
12063,954.645712902922,2018
12065,1053.78912732429,2018
12067,1063.62072294511,2018
12069,1106.81154700291,2018
12071,1027.19426110975,2018
12073,1138.03265529465,2018
12075,1299.75602945631,2018
12077,1086.35724088968,2018
12079,1024.24187788101,2018
12081,1167.42824241809,2018
12083,1150.30685586723,2018
12085,1158.34831314757,2018
12086,982.724014028063,2018
12087,NA,2018
12089,934.480329658958,2018
12091,1052.98229628625,2018
12093,891.113814448767,2018
12095,1097.61410258924,2018
12097,974.158144339249,2018
12099,964.97695762734,2018
12101,1188.24818233357,2018
12103,982.179817835912,2018
12105,1119.17674759447,2018
12107,1199.89671970947,2018
12109,994.087455410894,2018
12111,1077.92503773052,2018
12113,954.198604091816,2018
12115,1097.78824390871,2018
12117,1223.30443886101,2018
12119,1047.22799005088,2018
12121,959.703462212409,2018
12123,1365.38551060504,2018
12125,1072.23215819098,2018
12127,1171.53216332764,2018
12129,1042.04636579583,2018
12131,998.747080099888,2018
12133,1110.34326421322,2018
13001,848.932760124255,2018
13003,787.992438480687,2018
13005,802.986194897988,2018
13007,933.616840434184,2018
13009,700.792788821736,2018
13011,950.636296858287,2018
13013,862.16972249723,2018
13015,730.551363112175,2018
13017,852.927211983449,2018
13019,806.992718407774,2018
13021,791.104579364587,2018
13023,786.781915413872,2018
13025,1056.8235335723,2018
13027,892.25003245436,2018
13029,723.554289858283,2018
13031,789.361734883347,2018
13033,806.825407128891,2018
13035,815.611836541245,2018
13037,919.75052161218,2018
13039,948.934566969451,2018
13043,804.815711510056,2018
13045,828.909010317852,2018
13047,963.984289600482,2018
13049,991.050980499614,2018
13051,744.675001289571,2018
13053,862.7115243387,2018
13055,879.676895671128,2018
13057,770.123202678686,2018
13059,886.655932761074,2018
13061,868.48133055714,2018
13063,772.524348934741,2018
13065,792.203324613697,2018
13067,756.497350401695,2018
13069,710.451348683002,2018
13071,869.195072885488,2018
13073,680.244497878537,2018
13075,867.70442562716,2018
13077,843.231438905192,2018
13079,807.949989341871,2018
13081,835.937124932462,2018
13083,843.776672968415,2018
13085,965.556368812916,2018
13087,944.026839531233,2018
13089,796.751718502671,2018
13091,857.458539845969,2018
13093,812.614007325625,2018
13095,949.076252495786,2018
13097,806.234853548517,2018
13099,898.131574387106,2018
13101,826.854057236318,2018
13103,737.224078826256,2018
13105,748.986017740251,2018
13107,783.504538656482,2018
13109,744.349274966959,2018
13111,969.960941992041,2018
13113,778.345754848225,2018
13115,797.519691322078,2018
13117,832.89676090573,2018
13119,897.723620538348,2018
13121,816.027035831051,2018
13123,970.749853002955,2018
13125,771.634532213924,2018
13127,904.427858202185,2018
13129,813.208189468486,2018
13131,891.68057100024,2018
13133,648.552873292238,2018
13135,899.443005640658,2018
13137,1145.1969428237,2018
13139,933.924124809708,2018
13141,643.240170522307,2018
13143,825.257187435102,2018
13145,996.638902364302,2018
13147,817.897841013884,2018
13149,813.272846403216,2018
13151,767.814535547064,2018
13153,796.494670033353,2018
13155,818.570098152157,2018
13157,847.01681044359,2018
13159,771.476134387046,2018
13161,796.442081317364,2018
13163,749.957084074993,2018
13165,798.175777094069,2018
13167,758.776498849104,2018
13169,775.690128173786,2018
13171,912.818224538225,2018
13173,827.481575177144,2018
13175,770.240867158506,2018
13177,881.03489595672,2018
13179,763.755931300657,2018
13181,711.004369159878,2018
13183,802.834972699076,2018
13185,862.023787896558,2018
13187,1012.9491881762,2018
13189,747.171703114022,2018
13191,867.119785315745,2018
13193,794.609477507039,2018
13195,855.823834305929,2018
13197,938.790854736001,2018
13199,796.389416579488,2018
13201,969.538711496819,2018
13205,887.722115483425,2018
13207,902.465833827855,2018
13209,899.719947326382,2018
13211,815.212868473718,2018
13213,1020.14863822324,2018
13215,992.014683618738,2018
13217,818.883740044364,2018
13219,835.746282275128,2018
13221,766.154357945187,2018
13223,747.026885020713,2018
13225,844.635372288516,2018
13227,825.188952552584,2018
13229,969.513128738816,2018
13231,754.498509019747,2018
13233,837.03979654361,2018
13235,855.362826306848,2018
13237,686.279609608408,2018
13239,824.397306214757,2018
13241,1284.89226173418,2018
13243,875.333325578356,2018
13245,808.273613664215,2018
13247,826.346167523379,2018
13249,819.858994102195,2018
13251,757.778843366867,2018
13253,923.787347286591,2018
13255,749.716182538686,2018
13257,1017.28496679837,2018
13259,810.012315009257,2018
13261,781.868158132198,2018
13263,989.378974010858,2018
13265,624.663432436234,2018
13267,834.068993150542,2018
13269,889.867995599846,2018
13271,864.70025158574,2018
13273,795.298203598425,2018
13275,911.958526691688,2018
13277,843.20138997513,2018
13279,840.779547590908,2018
13281,1020.89108474609,2018
13283,765.670279557883,2018
13285,800.214909916281,2018
13287,892.337421410301,2018
13289,728.601328015443,2018
13291,1007.26769833678,2018
13293,877.048464667453,2018
13295,915.968651692008,2018
13297,867.0144552743,2018
13299,921.403967210143,2018
13301,790.141980119699,2018
13303,739.732583719718,2018
13305,847.594117285106,2018
13307,731.629420339677,2018
13309,867.276611521094,2018
13311,1137.60280992109,2018
13313,963.99803888678,2018
13315,857.111765599684,2018
13317,749.58846996395,2018
13319,675.685565329388,2018
13321,888.157468900691,2018
16001,113.661332292994,2018
16003,218.25132365265,2018
16005,192.137536138403,2018
16007,178.771915095034,2018
16009,205.388671498415,2018
16011,173.23086723239,2018
16013,152.964435216329,2018
16015,192.142241957039,2018
16017,246.320224768325,2018
16019,239.415453656375,2018
16021,221.86081691633,2018
16023,187.964831442396,2018
16025,165.57313857177,2018
16027,88.08371942444,2018
16029,205.05615636632,2018
16031,113.30460055927,2018
16033,206.555682704249,2018
16035,339.344863527789,2018
16037,184.169889538778,2018
16039,96.0129198329202,2018
16041,174.63458314522,2018
16043,303.928637334667,2018
16045,101.531033998238,2018
16047,109.481621668168,2018
16049,346.326543346219,2018
16051,194.021456586262,2018
16053,89.342540391959,2018
16055,188.383701944557,2018
16057,241.292781035053,2018
16059,173.748364843288,2018
16061,310.667743007768,2018
16063,97.9893165902925,2018
16065,297.520154490967,2018
16067,89.0261937128483,2018
16069,257.166016085384,2018
16071,158.615259082173,2018
16073,86.7288998890855,2018
16075,81.221054464042,2018
16077,148.645929273542,2018
16079,341.942219259736,2018
16081,358.310053969231,2018
16083,100.437010289557,2018
16085,250.931617603617,2018
16087,143.839052578937,2018
17001,556.612785454359,2018
17003,678.464147676913,2018
17005,795.057420717094,2018
17007,680.083910811907,2018
17009,597.463591813119,2018
17011,606.962479886388,2018
17013,632.584442612664,2018
17015,724.472691704121,2018
17017,660.95719606159,2018
17019,658.072190388167,2018
17021,782.22257217191,2018
17023,851.508877696995,2018
17025,770.691783818602,2018
17027,791.786076694443,2018
17029,808.37545417704,2018
17031,645.816935310065,2018
17033,787.305488051055,2018
17035,861.768331987511,2018
17037,612.449785115428,2018
17039,532.795602928255,2018
17041,643.694478129412,2018
17043,644.438107144355,2018
17045,733.743642405241,2018
17047,689.781590186824,2018
17049,835.330899742775,2018
17051,826.701604361766,2018
17053,532.520415903628,2018
17055,685.329998599052,2018
17057,597.999893500888,2018
17059,624.291981668728,2018
17061,660.983849107619,2018
17063,476.541749733707,2018
17065,610.428421974165,2018
17067,556.634587007692,2018
17069,702.56983387651,2018
17071,491.708509456857,2018
17073,632.08201023023,2018
17075,496.552724485399,2018
17077,731.874596157631,2018
17079,824.236166133396,2018
17081,624.368334709208,2018
17083,657.016612106902,2018
17085,731.12603192871,2018
17087,672.931386944948,2018
17089,710.682608224059,2018
17091,413.01199913415,2018
17093,586.94346924384,2018
17095,557.221333518721,2018
17097,685.805512364737,2018
17099,571.736499100706,2018
17101,685.823860622176,2018
17103,707.315194891935,2018
17105,520.367382088843,2018
17107,565.019190362954,2018
17109,592.620970578945,2018
17111,663.166331909617,2018
17113,493.701601244601,2018
17115,601.533898137312,2018
17117,683.773085413063,2018
17119,712.496541969538,2018
17121,778.972418338189,2018
17123,566.195939662984,2018
17125,646.104945050165,2018
17127,784.420280022798,2018
17129,677.873891841156,2018
17131,596.001623657656,2018
17133,706.672582369237,2018
17135,748.982757870937,2018
17137,673.047157030683,2018
17139,650.153382614566,2018
17141,744.344419353064,2018
17143,525.164684687657,2018
17145,793.362587010385,2018
17147,560.69486851503,2018
17149,527.888462356167,2018
17151,777.768870599439,2018
17153,690.57001548071,2018
17155,643.678747928564,2018
17157,756.214425599129,2018
17159,717.441739425139,2018
17161,626.441615336699,2018
17163,745.73372789236,2018
17165,655.322732823926,2018
17167,694.33781802191,2018
17169,717.748254080903,2018
17171,576.86686841599,2018
17173,814.224430038519,2018
17175,566.349709343173,2018
17177,743.764020491467,2018
17179,589.163143530281,2018
17181,676.608462346326,2018
17183,668.697309843802,2018
17185,733.890198907268,2018
17187,493.962716767435,2018
17189,796.331834451932,2018
17191,705.283667496257,2018
17193,577.63803878807,2018
17195,656.960894224769,2018
17197,517.563740412681,2018
17199,711.170135407667,2018
17201,774.707410525393,2018
17203,510.307664487119,2018
18001,704.131586733429,2018
18003,698.012556594325,2018
18005,780.956548484905,2018
18007,583.648570878247,2018
18009,727.432059582776,2018
18011,633.308582309458,2018
18013,714.437909312184,2018
18015,691.241091053411,2018
18017,613.449688697582,2018
18019,786.231203169438,2018
18021,731.314193496269,2018
18023,628.516547629414,2018
18025,765.104794082403,2018
18027,656.920140604422,2018
18029,747.391119684274,2018
18031,832.857586543056,2018
18033,628.599569577353,2018
18035,711.368977913163,2018
18037,742.356216606127,2018
18039,647.725498261359,2018
18041,726.082443031453,2018
18043,727.48650897626,2018
18045,631.500168943491,2018
18047,684.922916624232,2018
18049,609.824431973129,2018
18051,740.407936598624,2018
18053,693.496445994778,2018
18055,665.082216287726,2018
18057,633.325778321414,2018
18059,748.595412001664,2018
18061,720.654420692862,2018
18063,684.602403545324,2018
18065,762.109253397224,2018
18067,742.738807643229,2018
18069,677.156616165609,2018
18071,744.235725914428,2018
18073,497.163138200823,2018
18075,671.252126994574,2018
18077,795.725367943878,2018
18079,780.725236390743,2018
18081,654.552285619061,2018
18083,676.085470123895,2018
18085,619.424602717947,2018
18087,706.627234416442,2018
18089,469.350751675162,2018
18091,568.605621851531,2018
18093,757.654123434862,2018
18095,651.814815817917,2018
18097,658.375024256167,2018
18099,609.438292637337,2018
18101,717.899134334521,2018
18103,651.872179982199,2018
18105,689.756035090545,2018
18107,690.743752788822,2018
18109,660.63928875485,2018
18111,503.887460042941,2018
18113,626.719678106367,2018
18115,794.066872597305,2018
18117,757.655549820933,2018
18119,725.299954129464,2018
18121,786.207821306094,2018
18123,760.393330162473,2018
18125,738.018394108047,2018
18127,521.920195732501,2018
18129,651.51000153101,2018
18131,532.193982308125,2018
18133,713.682027467944,2018
18135,740.335285007696,2018
18137,783.596162379007,2018
18139,772.649903498684,2018
18141,636.954916293686,2018
18143,737.213703833395,2018
18145,716.343992021182,2018
18147,755.215472945005,2018
18149,565.870496296229,2018
18151,693.817250433911,2018
18153,754.591141727429,2018
18155,815.550616090377,2018
18157,606.093741627325,2018
18159,688.05785852369,2018
18161,685.088619990982,2018
18163,683.49993538691,2018
18165,684.513113780606,2018
18167,766.314545630814,2018
18169,668.523509233591,2018
18171,615.615204561823,2018
18173,757.964018087897,2018
18175,749.343113446093,2018
18177,745.645997712461,2018
18179,695.045152107273,2018
18181,591.213147807888,2018
18183,691.595620905996,2018
19001,596.844132777963,2018
19003,552.46777384975,2018
19005,804.318369759067,2018
19007,467.869935925136,2018
19009,685.063204792982,2018
19011,666.723969802959,2018
19013,702.956224714412,2018
19015,770.119194248993,2018
19017,838.696250219084,2018
19019,774.383734693287,2018
19021,709.226136549927,2018
19023,829.811846841654,2018
19025,810.929688285969,2018
19027,747.74432096262,2018
19029,660.97747986219,2018
19031,582.043107836052,2018
19033,919.06767053792,2018
19035,657.474859390494,2018
19037,895.592865607615,2018
19039,559.097794220102,2018
19041,767.404182817727,2018
19043,714.840815675019,2018
19045,632.824144486259,2018
19047,731.998175633703,2018
19049,651.427904378364,2018
19051,476.264489735698,2018
19053,577.426073158801,2018
19055,767.274193917333,2018
19057,483.611743857732,2018
19059,858.89761278323,2018
19061,727.403140138771,2018
19063,864.941796530379,2018
19065,749.655310655958,2018
19067,912.119604912148,2018
19069,842.289282089034,2018
19071,560.054074873308,2018
19073,715.109813248118,2018
19075,711.368396865885,2018
19077,650.610156780213,2018
19079,811.052161956376,2018
19081,879.317587084034,2018
19083,711.002979482256,2018
19085,761.884647726546,2018
19087,521.143604809478,2018
19089,836.60237225757,2018
19091,895.646074193205,2018
19093,663.820462299946,2018
19095,661.913179342931,2018
19097,714.957475856355,2018
19099,636.107112901106,2018
19101,560.411559629151,2018
19103,625.506063648315,2018
19105,715.668041357579,2018
19107,637.251021769218,2018
19109,755.697136184135,2018
19111,486.257187389337,2018
19113,700.967203018839,2018
19115,543.561739887954,2018
19117,528.198291821251,2018
19119,781.338299158985,2018
19121,590.795688926973,2018
19123,580.332902346306,2018
19125,550.852084358143,2018
19127,696.630284017656,2018
19129,650.595988125691,2018
19131,849.728410702116,2018
19133,690.371433759545,2018
19135,475.534606465636,2018
19137,639.308533270957,2018
19139,579.941611866665,2018
19141,764.923521546562,2018
19143,883.744333122906,2018
19145,549.855848226829,2018
19147,803.062146312491,2018
19149,649.827284906709,2018
19151,892.187954871134,2018
19153,708.746847418069,2018
19155,745.428488930928,2018
19157,605.277477168548,2018
19159,537.487801370224,2018
19161,756.956626652234,2018
19163,552.884224922958,2018
19165,763.605539887147,2018
19167,744.022438963785,2018
19169,824.827417002801,2018
19171,620.041012740865,2018
19173,524.619262922005,2018
19175,602.068855523873,2018
19177,541.82472634877,2018
19179,531.471636679468,2018
19181,558.616274716563,2018
19183,597.827992124792,2018
19185,533.176987368811,2018
19187,937.355651592022,2018
19189,806.419786782641,2018
19191,844.073361933484,2018
19193,644.024405793386,2018
19195,854.781812013095,2018
19197,897.742955621113,2018
20001,668.720158145273,2018
20003,661.776758440807,2018
20005,529.249156595865,2018
20007,618.205629684505,2018
20009,506.268055217957,2018
20011,626.885018139413,2018
20013,507.264828802994,2018
20015,602.708505950337,2018
20017,529.310077345921,2018
20019,572.938196143437,2018
20021,578.099087391382,2018
20023,397.833262271971,2018
20025,538.293197218156,2018
20027,493.222680790754,2018
20029,509.685282102335,2018
20031,605.573161362604,2018
20033,558.030125313679,2018
20035,584.671282383108,2018
20037,630.393100597785,2018
20039,482.02720828497,2018
20041,473.840625742999,2018
20043,562.638950926081,2018
20045,399.873973763539,2018
20047,530.988025365147,2018
20049,590.167428546857,2018
20051,554.972096239883,2018
20053,499.626669976044,2018
20055,445.567410798881,2018
20057,505.519886668023,2018
20059,508.3261821583,2018
20061,453.410191232576,2018
20063,510.756111656816,2018
20065,583.19165820182,2018
20067,443.40303603719,2018
20069,469.887098988066,2018
20071,325.318377409039,2018
20073,574.624309524201,2018
20075,387.037664348711,2018
20077,582.913867542321,2018
20079,564.260226220377,2018
20081,466.40349739985,2018
20083,503.527294301767,2018
20085,448.823865543186,2018
20087,416.054661152171,2018
20089,489.03775886534,2018
20091,419.261759663256,2018
20093,413.89958391116,2018
20095,623.512025807748,2018
20097,591.40735194321,2018
20099,680.623343226438,2018
20101,472.272234098126,2018
20103,443.413881557839,2018
20105,432.222900367268,2018
20107,569.315036203697,2018
20109,339.72833241018,2018
20111,522.329171519089,2018
20113,537.855436619255,2018
20115,517.538470280617,2018
20117,477.131646179405,2018
20119,482.553937820046,2018
20121,507.081299845148,2018
20123,484.388578931648,2018
20125,638.705432832303,2018
20127,479.364700602834,2018
20129,390.981682544958,2018
20131,442.275905771804,2018
20133,604.841696028384,2018
20135,461.611818467632,2018
20137,533.83220095164,2018
20139,461.844764804258,2018
20141,472.912350635523,2018
20143,525.634557291512,2018
20145,492.980401572603,2018
20147,545.701120735062,2018
20149,476.599075095767,2018
20151,617.613575621601,2018
20153,414.560744702218,2018
20155,544.749450560111,2018
20157,517.337156101349,2018
20159,558.545862391131,2018
20161,465.041154305004,2018
20163,589.476918292313,2018
20165,456.512327712461,2018
20167,501.633090832965,2018
20169,465.559535664086,2018
20171,404.594221292078,2018
20173,516.731139359345,2018
20175,449.156755892366,2018
20177,428.162078333336,2018
20179,452.403647348496,2018
20181,400.434583059981,2018
20183,487.136140699977,2018
20185,492.133384592264,2018
20187,360.43433555293,2018
20189,422.983639810186,2018
20191,576.426899753848,2018
20193,414.224755512872,2018
20195,569.719128817378,2018
20197,463.76331894325,2018
20199,378.071242984213,2018
20201,553.802307939813,2018
20203,362.988122884768,2018
20205,575.216168982943,2018
20207,590.894368796105,2018
20209,418.751649686014,2018
21001,838.231670166822,2018
21003,768.913841794635,2018
21005,899.620708636583,2018
21007,707.587118794842,2018
21009,776.829964811216,2018
21011,848.053896375027,2018
21013,806.87131697629,2018
21015,764.924443477577,2018
21017,918.398769467756,2018
21019,695.98737289403,2018
21021,966.644877092491,2018
21023,754.44209971319,2018
21025,800.04923115125,2018
21027,749.405531004759,2018
21029,781.564819668542,2018
21031,663.310645272396,2018
21033,746.559346372251,2018
21035,739.580288037624,2018
21037,759.683470872996,2018
21039,621.162469001429,2018
21041,830.373749496645,2018
21043,767.073213064941,2018
21045,968.710012193271,2018
21047,741.840905700151,2018
21049,864.624381389322,2018
21051,807.902872302701,2018
21053,792.83378179916,2018
21055,702.234226310735,2018
21057,792.451219429468,2018
21059,777.687033676907,2018
21061,689.700440420129,2018
21063,764.430402536544,2018
21065,932.910404587667,2018
21067,895.215135776808,2018
21069,846.199379833286,2018
21071,700.376067458171,2018
21073,925.365077067362,2018
21075,683.587402418054,2018
21077,769.954096239858,2018
21079,1026.90487996444,2018
21081,787.135624434023,2018
21083,679.079350836356,2018
21085,755.906543886597,2018
21087,862.468156080138,2018
21089,701.689115441263,2018
21091,826.209793417741,2018
21093,774.502199118941,2018
21095,729.102729403841,2018
21097,869.206128724399,2018
21099,835.447268230921,2018
21101,690.773162538083,2018
21103,807.485772880726,2018
21105,634.27450530773,2018
21107,699.330914431961,2018
21109,949.31723360156,2018
21111,797.050588545591,2018
21113,906.508918710762,2018
21115,628.890638807802,2018
21117,769.621590590302,2018
21119,708.099960293525,2018
21121,891.628062859689,2018
21123,873.830154596036,2018
21125,891.632720041654,2018
21127,634.960962208995,2018
21129,867.529576970098,2018
21131,722.778447349963,2018
21133,712.893955837286,2018
21135,841.951549812734,2018
21137,1048.13286959781,2018
21139,692.406146926049,2018
21141,704.209096778679,2018
21143,723.733002418016,2018
21145,682.080722139625,2018
21147,839.487624102123,2018
21149,728.874626826112,2018
21151,945.447295139155,2018
21153,722.188129456535,2018
21155,927.66769542065,2018
21157,703.330516949773,2018
21159,683.551969294543,2018
21161,695.208776970562,2018
21163,730.227309311953,2018
21165,815.726704659702,2018
21167,909.898377345204,2018
21169,811.578403936735,2018
21171,811.063554674115,2018
21173,914.55611920503,2018
21175,775.819915168805,2018
21177,665.502977344973,2018
21179,812.39451095302,2018
21181,837.99851126632,2018
21183,779.189521541109,2018
21185,822.986660078568,2018
21187,861.835923525815,2018
21189,875.550806646097,2018
21191,783.54926180436,2018
21193,749.119635374948,2018
21195,718.985739787649,2018
21197,916.96586355757,2018
21199,872.992191753292,2018
21201,753.458454696797,2018
21203,941.277390890246,2018
21205,858.377684737272,2018
21207,866.568644508547,2018
21209,967.812453250697,2018
21211,800.450522095094,2018
21213,781.726970432873,2018
21215,743.281899038749,2018
21217,880.9420622418,2018
21219,748.941264849302,2018
21221,765.784538083218,2018
21223,752.514582243191,2018
21225,667.313943429169,2018
21227,725.936792809465,2018
21229,902.261285948137,2018
21231,811.760716476547,2018
21233,653.917657818686,2018
21235,877.017256282686,2018
21237,767.774287338886,2018
21239,908.568144681634,2018
22001,584.860293477784,2018
22003,558.337739503491,2018
22005,727.960334732406,2018
22007,707.992179345223,2018
22009,544.521987417929,2018
22011,678.078856117121,2018
22013,513.297415758308,2018
22015,489.667432631881,2018
22017,496.520458798271,2018
22019,557.778168397173,2018
22021,628.684158885683,2018
22023,521.000867972702,2018
22025,622.526405444493,2018
22027,559.059989938284,2018
22029,584.042165329674,2018
22031,566.53909394725,2018
22033,701.05803675282,2018
22035,684.912679824501,2018
22037,724.202257003504,2018
22039,557.186534936964,2018
22041,611.824066992264,2018
22043,668.502089666957,2018
22045,781.998395552206,2018
22047,666.709976986945,2018
22049,596.772404460838,2018
22051,911.3379228689,2018
22053,537.573691430741,2018
22055,634.768998495623,2018
22057,863.750178004576,2018
22059,720.832622389777,2018
22061,558.644636145016,2018
22063,764.424234059441,2018
22065,666.77467634194,2018
22067,715.966041143851,2018
22069,624.796188690719,2018
22071,866.582559608177,2018
22073,666.375706008967,2018
22075,874.555191812738,2018
22077,634.964105950357,2018
22079,633.502626910164,2018
22081,543.91397257867,2018
22083,669.727421161604,2018
22085,711.235064109314,2018
22087,901.019748343002,2018
22089,763.619872074693,2018
22091,771.138859305792,2018
22093,748.447918790592,2018
22095,779.467686610374,2018
22097,575.135907330826,2018
22099,651.946604857021,2018
22101,892.598768423557,2018
22103,862.056048150368,2018
22105,846.00291155471,2018
22107,653.963034017257,2018
22109,957.740230659743,2018
22111,570.831456042535,2018
22113,618.581771298677,2018
22115,716.952674688511,2018
22117,867.065998286019,2018
22119,494.980249668963,2018
22121,689.72322532656,2018
22123,701.035762892217,2018
22125,676.248351550709,2018
22127,594.99779261012,2018
23001,512.31020617071,2018
23003,544.588691678823,2018
23005,513.155539836424,2018
23007,569.302270558236,2018
23009,552.226078217944,2018
23011,452.727349409277,2018
23013,477.335297733274,2018
23015,464.872298762921,2018
23017,506.311377185626,2018
23019,542.006780822374,2018
23021,540.148286309885,2018
23023,506.87343373481,2018
23025,530.757679409593,2018
23027,523.438041361468,2018
23029,548.213520360971,2018
23031,572.784044237379,2018
24001,945.321166922325,2018
24003,878.431074873247,2018
24005,1034.94940247022,2018
24009,999.349440522214,2018
24011,772.184501899096,2018
24013,950.734772469749,2018
24015,761.096903149647,2018
24017,916.972938633862,2018
24019,841.749904277739,2018
24021,942.754668046725,2018
24023,858.232511033484,2018
24025,915.411220077879,2018
24027,995.629779355527,2018
24029,709.649154587152,2018
24031,875.628705793576,2018
24033,876.467458266381,2018
24035,741.640917202418,2018
24037,953.481305196392,2018
24039,790.58679690719,2018
24041,828.384106389098,2018
24043,917.943641904885,2018
24045,794.836573892961,2018
24047,825.133980574924,2018
25001,625.706063264233,2018
25003,739.621169745634,2018
25005,630.215590908329,2018
25007,486.381730152266,2018
25009,620.892337564889,2018
25011,805.824340773778,2018
25013,750.887173314328,2018
25015,771.521914691505,2018
25017,678.261394614703,2018
25019,470.067422259667,2018
25021,669.583455306568,2018
25023,692.107151460384,2018
25025,690.874591515955,2018
25027,726.108629231299,2018
26001,460.921662272011,2018
26003,475.244444142329,2018
26005,658.271569849643,2018
26007,433.257438561246,2018
26009,456.59918689403,2018
26011,479.626284403347,2018
26013,454.584917666396,2018
26015,564.389709807946,2018
26017,483.52549304593,2018
26019,500.788428136698,2018
26021,744.518072773335,2018
26023,673.193758680492,2018
26025,551.090037567363,2018
26027,740.177160477177,2018
26029,457.165727809726,2018
26031,380.312114048153,2018
26033,362.777293607211,2018
26035,545.465314825806,2018
26037,454.615014588485,2018
26039,406.413939795427,2018
26041,478.395292836496,2018
26043,448.081395207815,2018
26045,495.946985075089,2018
26047,405.654758835778,2018
26049,461.634467713208,2018
26051,549.539070423547,2018
26053,599.186930066541,2018
26055,482.139095076914,2018
26057,544.645252683837,2018
26059,606.12109829669,2018
26061,509.817018136361,2018
26063,457.703182105529,2018
26065,469.21911205302,2018
26067,494.118560587967,2018
26069,456.972684277732,2018
26071,400.468557633822,2018
26073,597.749766126178,2018
26075,533.637042909228,2018
26077,677.213253919781,2018
26079,462.750543197351,2018
26081,544.225763927201,2018
26083,397.574251515043,2018
26085,515.989142864388,2018
26087,429.480030983525,2018
26089,484.591692646866,2018
26091,574.592742381096,2018
26093,437.644206545541,2018
26095,372.953010101315,2018
26097,378.641084935497,2018
26099,499.157469970719,2018
26101,535.310399242886,2018
26103,466.48235792369,2018
26105,552.122500288415,2018
26107,566.027670625501,2018
26109,533.089499289894,2018
26111,573.752508092491,2018
26113,445.773164962826,2018
26115,565.332471368294,2018
26117,595.549152005003,2018
26119,423.997895253951,2018
26121,538.370635703852,2018
26123,547.373275512016,2018
26125,460.963738332469,2018
26127,521.371969495345,2018
26129,499.771277122833,2018
26131,460.784544956324,2018
26133,495.704941175473,2018
26135,478.657895874333,2018
26137,425.323485971654,2018
26139,530.204660340929,2018
26141,398.343348642227,2018
26143,428.1433368712,2018
26145,507.846674073241,2018
26147,507.599554868959,2018
26149,712.412795672922,2018
26151,421.172273070243,2018
26153,451.447103714805,2018
26155,465.094463926093,2018
26157,469.695867920264,2018
26159,729.553499563536,2018
26161,515.978745016599,2018
26163,595.299934246464,2018
26165,486.937991268083,2018
27001,573.768914260556,2018
27003,476.79053196145,2018
27005,430.646038850171,2018
27007,360.325916977806,2018
27009,536.573446507314,2018
27011,496.467706634751,2018
27013,784.385129719816,2018
27015,739.344615490522,2018
27017,524.467199558857,2018
27019,534.423845817487,2018
27021,480.135952361488,2018
27023,634.223131982378,2018
27025,503.050793859416,2018
27027,436.964275543634,2018
27029,422.931074948066,2018
27031,315.947878565669,2018
27033,770.828148056138,2018
27035,467.277131191774,2018
27037,544.671124301743,2018
27039,654.902304391442,2018
27041,497.10537573697,2018
27043,736.029845339472,2018
27045,747.223605690976,2018
27047,742.57870260317,2018
27049,517.46742106781,2018
27051,414.539835958942,2018
27053,475.785957077377,2018
27055,907.61865234782,2018
27057,458.833303741043,2018
27059,485.999878420867,2018
27061,411.164466084803,2018
27063,844.333671003923,2018
27065,647.503501258583,2018
27067,567.852139732267,2018
27069,293.387450688258,2018
27071,390.56447269097,2018
27073,515.457174420288,2018
27075,446.716115900316,2018
27077,275.128399919781,2018
27079,602.326990502882,2018
27081,695.027532322216,2018
27083,741.266516135923,2018
27085,545.028912185235,2018
27087,445.349431161727,2018
27089,316.967420500155,2018
27091,849.749500026214,2018
27093,534.298368744237,2018
27095,544.290617347074,2018
27097,467.37310280834,2018
27099,718.377085659249,2018
27101,803.496995839783,2018
27103,654.357605682598,2018
27105,826.847045440847,2018
27107,394.674951969806,2018
27109,608.267075843013,2018
27111,446.985251213552,2018
27113,323.575246577528,2018
27115,656.473829196692,2018
27117,763.644148119323,2018
27119,383.195257474261,2018
27121,526.095966761814,2018
27123,535.337283934215,2018
27125,325.37972705682,2018
27127,804.325656963902,2018
27129,681.070024211117,2018
27131,557.96750779422,2018
27133,823.745355136497,2018
27135,274.648942697698,2018
27137,422.246138572529,2018
27139,539.375222099471,2018
27141,458.646546038866,2018
27143,630.56488230486,2018
27145,481.140596316452,2018
27147,613.670635510032,2018
27149,501.756775778874,2018
27151,555.162223955771,2018
27153,524.288509777101,2018
27155,413.796399385263,2018
27157,578.263774890866,2018
27159,458.927342131751,2018
27161,679.789061435857,2018
27163,542.249157357164,2018
27165,791.927534739192,2018
27167,459.754513880181,2018
27169,649.770530139868,2018
27171,456.458122014367,2018
27173,664.347353854212,2018
28001,568.503443326446,2018
28003,842.862295114195,2018
28005,715.32300012903,2018
28007,810.660276087455,2018
28009,836.391886428149,2018
28011,789.340699151382,2018
28013,769.114351206253,2018
28015,777.259622086445,2018
28017,717.330135433887,2018
28019,785.632587698312,2018
28021,633.597051442523,2018
28023,832.295747117983,2018
28025,672.008623801256,2018
28027,739.346580805108,2018
28029,698.229969213321,2018
28031,809.669253105685,2018
28033,707.57892052822,2018
28035,903.649585196488,2018
28037,678.600999890789,2018
28039,962.162500053841,2018
28041,949.850451668153,2018
28043,857.152804618037,2018
28045,913.053343956514,2018
28047,1140.34296431786,2018
28049,795.222086539328,2018
28051,792.41072767396,2018
28053,771.208662647272,2018
28055,660.809171664192,2018
28057,903.900082639325,2018
28059,967.321755760336,2018
28061,783.702324043995,2018
28063,582.422157778052,2018
28065,781.608636875231,2018
28067,761.04421208737,2018
28069,776.132766797561,2018
28071,839.721742333846,2018
28073,885.099865365722,2018
28075,767.012556361788,2018
28077,780.840020027954,2018
28079,862.216728894726,2018
28081,806.573378757878,2018
28083,749.675596980169,2018
28085,732.917402612377,2018
28087,658.746994712383,2018
28089,807.33594454514,2018
28091,801.82686169585,2018
28093,823.789845509631,2018
28095,682.108842976894,2018
28097,837.552238995759,2018
28099,820.778742275796,2018
28101,777.200392394047,2018
28103,696.558762964302,2018
28105,659.844328403068,2018
28107,842.739246269143,2018
28109,884.347197109215,2018
28111,884.389336333689,2018
28113,836.446421614356,2018
28115,768.841345182855,2018
28117,881.759389880864,2018
28119,765.875139293188,2018
28121,866.850765053589,2018
28123,854.881987323399,2018
28125,640.915054898852,2018
28127,775.618780207968,2018
28129,856.131262008391,2018
28131,1118.28712548737,2018
28133,740.587653985652,2018
28135,714.288125724576,2018
28137,807.953657708092,2018
28139,795.324396102647,2018
28141,759.492769557722,2018
28143,811.28209773334,2018
28145,811.344341289797,2018
28147,804.073602213857,2018
28149,708.624541983339,2018
28151,764.007200613052,2018
28153,798.057144812544,2018
28155,861.685151901212,2018
28157,712.179957731121,2018
28159,730.694063238365,2018
28161,809.153051329134,2018
28163,751.739342928693,2018
29001,492.469278922844,2018
29003,501.380733145697,2018
29005,537.647713208593,2018
29007,521.585814075102,2018
29009,558.455562090128,2018
29011,542.384008930077,2018
29013,636.361925927739,2018
29015,609.605326320732,2018
29017,740.567950135299,2018
29019,478.018025984132,2018
29021,537.256485124843,2018
29023,597.616490906956,2018
29025,494.770674184636,2018
29027,506.234827775973,2018
29029,641.41279738451,2018
29031,725.260834530523,2018
29033,490.00439552414,2018
29035,588.610639707978,2018
29037,580.012307305997,2018
29039,565.553022664688,2018
29041,493.202500098438,2018
29043,664.576983257705,2018
29045,485.133775805342,2018
29047,474.198099517817,2018
29049,505.974847316043,2018
29051,470.980374308565,2018
29053,417.593615112389,2018
29055,708.60525214078,2018
29057,557.595574002838,2018
29059,535.569779611634,2018
29061,463.71405642466,2018
29063,485.131250260842,2018
29065,744.768503119709,2018
29067,737.086685688355,2018
29069,726.484908744503,2018
29071,564.062721001561,2018
29073,587.065312533354,2018
29075,482.915449377791,2018
29077,569.886825957461,2018
29079,447.631847644083,2018
29081,484.929284891652,2018
29083,572.208678943708,2018
29085,584.080775659022,2018
29087,541.639360278189,2018
29089,461.764122401841,2018
29091,617.327411993334,2018
29093,748.491407397351,2018
29095,476.375235350025,2018
29097,568.858733119852,2018
29099,671.998838209885,2018
29101,466.152649455488,2018
29103,493.107475561162,2018
29105,599.523976933616,2018
29107,456.329434488193,2018
29109,570.477192092322,2018
29111,542.635750574929,2018
29113,540.271673515943,2018
29115,446.972213119135,2018
29117,455.928286724652,2018
29119,565.867492842611,2018
29121,465.247847606123,2018
29123,724.848334437052,2018
29125,615.545050206241,2018
29127,547.234783493039,2018
29129,494.029519654997,2018
29131,554.567528098857,2018
29133,663.296691795622,2018
29135,434.776393012099,2018
29137,565.592868623838,2018
29139,548.982685002843,2018
29141,549.382535316553,2018
29143,620.583059178598,2018
29145,596.130227798239,2018
29147,493.832088392194,2018
29149,573.690863526724,2018
29151,592.166910362805,2018
29153,720.162996633268,2018
29155,694.744385351736,2018
29157,733.854361072071,2018
29159,468.537022363792,2018
29161,713.652444880889,2018
29163,536.923971889508,2018
29165,556.415004385245,2018
29167,562.002950701437,2018
29169,649.292910852387,2018
29171,490.432745304928,2018
29173,568.903625802275,2018
29175,573.102843646162,2018
29177,454.60195454881,2018
29179,639.395862384468,2018
29181,603.539823590487,2018
29183,585.600662602589,2018
29185,639.560818249833,2018
29186,802.93513047738,2018
29187,801.546553617653,2018
29189,611.786294881896,2018
29195,490.126375239226,2018
29197,461.664207687973,2018
29199,444.203320871201,2018
29201,639.202010367146,2018
29203,704.435749298058,2018
29205,539.260020697989,2018
29207,622.426790967787,2018
29209,639.606190142234,2018
29211,462.695278502989,2018
29213,722.03921589091,2018
29215,721.281156395924,2018
29217,617.858843329253,2018
29219,538.975762809084,2018
29221,756.716414147533,2018
29223,628.28632085492,2018
29225,620.559839167102,2018
29227,461.84408181755,2018
29229,763.310489167526,2018
30001,219.406761525624,2018
30003,397.930507413432,2018
30005,181.909005171293,2018
30007,280.24956335748,2018
30009,336.234613125408,2018
30011,334.036165356395,2018
30013,272.071745010376,2018
30015,227.958012070073,2018
30017,364.559013929411,2018
30019,253.450330144248,2018
30021,362.849086783604,2018
30023,250.266345737594,2018
30025,296.675207342729,2018
30027,325.898738415161,2018
30029,181.883149970806,2018
30031,327.197375228998,2018
30033,313.822164275451,2018
30035,213.201831080923,2018
30037,437.78665432657,2018
30039,288.756549824867,2018
30041,173.350406051623,2018
30043,274.79358801489,2018
30045,362.693775478081,2018
30047,213.319871161461,2018
30049,270.345562602227,2018
30051,199.93800890729,2018
30053,172.581552096268,2018
30055,267.690067414459,2018
30057,249.689198301834,2018
30059,305.106921726877,2018
30061,223.137747999094,2018
30063,275.46318026411,2018
30065,441.400721513482,2018
30067,344.931608238595,2018
30069,371.911187729336,2018
30071,191.254658105221,2018
30073,250.297189651244,2018
30075,320.129020763625,2018
30077,255.69477666565,2018
30079,361.472362325656,2018
30081,246.579524744442,2018
30083,310.068924935119,2018
30085,250.573340248017,2018
30087,374.380591168549,2018
30089,168.454157790766,2018
30091,315.315888303847,2018
30093,272.485510965999,2018
30095,415.140784122369,2018
30097,429.638439505999,2018
30099,269.019649389838,2018
30101,236.140275011197,2018
30103,343.166858070796,2018
30105,207.377063670191,2018
30107,430.642856220806,2018
30109,273.665919052545,2018
30111,393.007806085099,2018
31001,479.800389930218,2018
31003,630.986001713604,2018
31005,603.222777131892,2018
31007,416.33823490914,2018
31009,575.516898673959,2018
31011,592.890227361752,2018
31013,434.608026020647,2018
31015,681.232764767755,2018
31017,584.070773192825,2018
31019,520.61095630776,2018
31021,692.810739076132,2018
31023,535.569017197168,2018
31025,590.21570818187,2018
31027,745.451994678978,2018
31029,457.474644027651,2018
31031,546.036969571521,2018
31033,444.075263574696,2018
31035,506.950422172779,2018
31037,621.373644002112,2018
31039,747.328651600932,2018
31041,526.374283405327,2018
31043,661.387165899082,2018
31045,446.678365888199,2018
31047,525.965950922219,2018
31049,502.851134971186,2018
31051,699.256774530784,2018
31053,652.188625270686,2018
31055,618.037896891302,2018
31057,394.950862814803,2018
31059,450.00180115176,2018
31061,483.780436953992,2018
31063,468.047402651262,2018
31065,516.459742644522,2018
31067,554.023410886615,2018
31069,496.163853915347,2018
31071,666.452904831739,2018
31073,517.062154683744,2018
31075,547.599151987314,2018
31077,588.130771473032,2018
31079,499.626646882997,2018
31081,551.697202995901,2018
31083,520.778678367867,2018
31085,503.923235708866,2018
31087,431.153696599268,2018
31089,622.965694275188,2018
31091,567.906674313784,2018
31093,554.834672247993,2018
31095,548.950478462622,2018
31097,498.673497275669,2018
31099,497.942555748719,2018
31101,589.817330278079,2018
31103,590.548370293159,2018
31105,422.84661156547,2018
31107,687.504069239158,2018
31109,535.50564848143,2018
31111,508.204886565774,2018
31113,631.791685898709,2018
31115,555.727060491041,2018
31117,665.991188457729,2018
31119,548.850181801312,2018
31121,558.874234901355,2018
31123,390.694023118893,2018
31125,576.360392754667,2018
31127,546.162454531188,2018
31129,448.660007858017,2018
31131,490.699968910796,2018
31133,573.533615592774,2018
31135,597.687224528307,2018
31137,544.014240325298,2018
31139,707.321831263781,2018
31141,591.80285917839,2018
31143,584.476354808139,2018
31145,486.485295047676,2018
31147,543.825636362332,2018
31149,653.466087619225,2018
31151,480.379877396391,2018
31153,597.556710537697,2018
31155,569.620936533781,2018
31157,422.211799254802,2018
31159,508.821222024457,2018
31161,477.11938053808,2018
31163,540.368588003326,2018
31165,433.85964541937,2018
31167,610.236101571689,2018
31169,474.353849213393,2018
31171,577.05182879903,2018
31173,737.134033245083,2018
31175,640.65496398391,2018
31177,631.475218886783,2018
31179,677.646551237162,2018
31181,430.345195264257,2018
31183,663.662681509685,2018
31185,555.442288120591,2018
32001,67.5886767161727,2018
32003,48.9319690737746,2018
32005,161.198988783385,2018
32007,160.462995083398,2018
32009,94.3684799122127,2018
32011,129.113048344157,2018
32013,125.838578862461,2018
32015,126.793652076649,2018
32017,91.9185429258947,2018
32019,102.728267277731,2018
32021,107.411830919417,2018
32023,87.0057205132885,2018
32027,108.579482410151,2018
32029,148.205614772641,2018
32031,164.186031034081,2018
32033,109.479273339139,2018
32510,163.879937089475,2018
33001,601.836775349772,2018
33003,563.61697809737,2018
33005,724.914706202185,2018
33007,567.292454071614,2018
33009,550.424647286072,2018
33011,717.92296531267,2018
33013,651.405130599519,2018
33015,698.47708387916,2018
33017,659.608383953309,2018
33019,567.312235605661,2018
34001,709.382043209338,2018
34003,860.815208632628,2018
34005,735.564782476687,2018
34007,670.417662739099,2018
34009,677.458390867741,2018
34011,736.283513492224,2018
34013,964.883643903861,2018
34015,701.805476843625,2018
34017,831.081879373374,2018
34019,868.45512753614,2018
34021,824.804499457903,2018
34023,778.463453629385,2018
34025,804.885736147466,2018
34027,839.673576082139,2018
34029,761.975293917176,2018
34031,858.424738210206,2018
34033,730.246153853234,2018
34035,795.780378506214,2018
34037,847.65858083778,2018
34039,846.883069889613,2018
34041,845.340472310984,2018
35001,106.830148939723,2018
35003,155.050487575072,2018
35005,129.557787739617,2018
35006,109.585284185658,2018
35007,195.322312365469,2018
35009,295.769316027617,2018
35011,185.318452929236,2018
35013,111.090406394689,2018
35015,181.506123033139,2018
35017,167.956227086376,2018
35019,244.157067447539,2018
35021,297.245731895962,2018
35023,118.479244002743,2018
35025,182.664655864559,2018
35027,162.267051935965,2018
35028,177.224753711964,2018
35029,134.035807926609,2018
35031,95.9701116408113,2018
35033,263.738199505396,2018
35035,124.984140892324,2018
35037,270.889335635946,2018
35039,114.351297839024,2018
35041,214.568874990404,2018
35043,132.946716024813,2018
35045,59.492460511024,2018
35047,245.954160366426,2018
35049,139.507308834065,2018
35051,150.011541714154,2018
35053,134.938802256677,2018
35055,122.615715344968,2018
35057,195.506393003526,2018
35059,336.604621986368,2018
35061,110.425564720496,2018
36001,643.40059960784,2018
36003,629.165246286788,2018
36005,827.671007444249,2018
36007,753.257046066425,2018
36009,685.110097316744,2018
36011,554.809546845855,2018
36013,694.251560039453,2018
36015,728.479221445885,2018
36017,685.537762034253,2018
36019,477.182643350469,2018
36021,704.566766224009,2018
36023,668.786457703219,2018
36025,782.233735826007,2018
36027,696.688867293629,2018
36029,559.068545992745,2018
36031,448.626023652648,2018
36033,514.245345891218,2018
36035,548.86066191086,2018
36037,490.782192003213,2018
36039,770.713972211993,2018
36041,534.857882323843,2018
36043,575.564259758109,2018
36045,493.384071637455,2018
36047,748.084086318188,2018
36049,520.476512389817,2018
36051,521.509700863386,2018
36053,612.087855531647,2018
36055,433.078410348983,2018
36057,546.958376714342,2018
36059,700.135230280013,2018
36061,NA,2018
36063,432.049816604983,2018
36065,596.531571220247,2018
36067,571.98476729799,2018
36069,522.178229983332,2018
36071,801.646580968063,2018
36073,375.321020969177,2018
36075,542.59339046891,2018
36077,613.601682083933,2018
36079,787.962635836597,2018
36081,715.17637884527,2018
36083,618.772097737797,2018
36085,843.603423666554,2018
36087,828.189071558562,2018
36089,482.733611854578,2018
36091,606.568877814827,2018
36093,591.286741284506,2018
36095,627.759980786997,2018
36097,612.577223399611,2018
36099,549.446850825694,2018
36101,629.879728159526,2018
36103,587.915230268963,2018
36105,775.546781715645,2018
36107,724.484478364415,2018
36109,591.806204611003,2018
36111,752.548049797584,2018
36113,548.917096115549,2018
36115,595.258664088725,2018
36117,523.129019757915,2018
36119,829.908918975958,2018
36121,599.582330965279,2018
36123,524.843840954959,2018
37001,798.135327713401,2018
37003,956.814782206734,2018
37005,914.380049508289,2018
37007,667.06365951596,2018
37009,979.126748882449,2018
37011,1217.34224990622,2018
37013,1036.05336678036,2018
37015,891.574401948804,2018
37017,770.5255254188,2018
37019,1019.95881808314,2018
37021,819.477703207451,2018
37023,946.909684149813,2018
37025,722.892850868046,2018
37027,985.73694801027,2018
37029,852.072317605032,2018
37031,1122.0857622186,2018
37033,841.752547513128,2018
37035,844.397469231699,2018
37037,866.849160435569,2018
37039,1060.25442153648,2018
37041,874.58490744756,2018
37043,994.162804603058,2018
37045,812.412682866406,2018
37047,812.75333288073,2018
37049,1029.5160458837,2018
37051,749.250198009146,2018
37053,914.382640979298,2018
37055,1006.96015476854,2018
37057,752.966882897355,2018
37059,828.128789581079,2018
37061,981.655447059356,2018
37063,832.571994623733,2018
37065,805.585645470903,2018
37067,833.73966859498,2018
37069,790.986724988137,2018
37071,745.761762789076,2018
37073,863.70612034324,2018
37075,930.121922092177,2018
37077,825.812616933065,2018
37079,893.24778647328,2018
37081,724.795144464745,2018
37083,855.060523873002,2018
37085,894.201898268728,2018
37087,780.760241373607,2018
37089,1181.30621964858,2018
37091,864.670157393942,2018
37093,768.67071481014,2018
37095,1064.13451119495,2018
37097,889.196443749889,2018
37099,1033.97570306139,2018
37101,739.036713299255,2018
37103,1111.22398030055,2018
37105,852.260967148452,2018
37107,978.348389508587,2018
37109,772.944878121863,2018
37111,1167.97427092887,2018
37113,958.95255433159,2018
37115,819.920640794274,2018
37117,870.820654762019,2018
37119,658.337822496744,2018
37121,1035.9027517151,2018
37123,739.618942124616,2018
37125,813.453052536342,2018
37127,786.430359249269,2018
37129,1208.88045335043,2018
37131,851.359775521488,2018
37133,1125.91835562978,2018
37135,809.847820628748,2018
37137,1127.69748028148,2018
37139,892.414656197247,2018
37141,1003.36363503731,2018
37143,947.3805631551,2018
37145,831.584364405481,2018
37147,878.049476603944,2018
37149,966.152287960132,2018
37151,792.467865663462,2018
37153,605.151047961766,2018
37155,685.338018677337,2018
37157,841.726200607766,2018
37159,816.569325225631,2018
37161,890.455349186824,2018
37163,733.397673274729,2018
37165,712.353675234416,2018
37167,699.193492864604,2018
37169,871.753660114165,2018
37171,925.820294001883,2018
37173,953.360573743417,2018
37175,1379.56252521695,2018
37177,984.389247030377,2018
37179,582.554386709781,2018
37181,764.552346585383,2018
37183,763.444466940434,2018
37185,764.731166847044,2018
37187,1059.763098695,2018
37189,1075.03097112717,2018
37191,828.430916495553,2018
37193,982.09233622241,2018
37195,781.324789584579,2018
37197,887.959479117347,2018
37199,960.207358531066,2018
38001,352.813950534851,2018
38003,437.610093516316,2018
38005,330.720801400237,2018
38007,323.302161725514,2018
38009,306.324753047311,2018
38011,372.041015024825,2018
38013,378.775172197899,2018
38015,390.636494457364,2018
38017,404.541893277997,2018
38019,307.851371138325,2018
38021,434.609096669127,2018
38023,325.074383926342,2018
38025,330.800005963116,2018
38027,318.827242231362,2018
38029,417.843424763316,2018
38031,298.088456566471,2018
38033,261.349840008628,2018
38035,332.151105616242,2018
38037,369.08986018233,2018
38039,371.702706708915,2018
38041,352.182174405698,2018
38043,442.870145661909,2018
38045,460.784314493448,2018
38047,468.756219881954,2018
38049,309.829301377049,2018
38051,461.788422122432,2018
38053,350.358883447465,2018
38055,363.01425797343,2018
38057,347.183571645593,2018
38059,384.302501908236,2018
38061,331.453301608627,2018
38063,313.405242576269,2018
38065,330.186940139121,2018
38067,273.986332485044,2018
38069,339.909288533385,2018
38071,330.234416658,2018
38073,412.758283668466,2018
38075,330.364941552356,2018
38077,435.31980372526,2018
38079,368.993512226796,2018
38081,418.299361886172,2018
38083,382.373739949102,2018
38085,359.284906766706,2018
38087,363.907381119368,2018
38089,361.638182627165,2018
38091,379.021205233945,2018
38093,443.798795285914,2018
38095,377.35361168837,2018
38097,340.187309331801,2018
38099,286.394063392224,2018
38101,326.485589417446,2018
38103,343.809791995912,2018
38105,349.621221431368,2018
39001,805.760431760108,2018
39003,636.356677295911,2018
39005,649.110125582853,2018
39007,727.078092793789,2018
39009,748.215006143792,2018
39011,664.026296890163,2018
39013,766.141745840631,2018
39015,774.561778656258,2018
39017,630.961019123233,2018
39019,727.088650052717,2018
39021,624.690333548498,2018
39023,660.936366639663,2018
39025,757.467015132439,2018
39027,729.943665036134,2018
39029,664.87482253274,2018
39031,683.596099602428,2018
39033,577.368244431836,2018
39035,753.012500270496,2018
39037,698.484476431905,2018
39039,622.363280674436,2018
39041,642.115342863452,2018
39043,602.314881754701,2018
39045,745.590384894234,2018
39047,731.449593503763,2018
39049,718.701576720652,2018
39051,625.603365066207,2018
39053,707.356182542579,2018
39055,753.841604139387,2018
39057,718.675765768174,2018
39059,691.304414166414,2018
39061,703.835957800318,2018
39063,591.26113262011,2018
39065,651.748615379776,2018
39067,696.485188946847,2018
39069,614.003623716178,2018
39071,733.503509943501,2018
39073,828.167198647889,2018
39075,679.276203765288,2018
39077,598.756140895069,2018
39079,699.926754436486,2018
39081,728.622015494635,2018
39083,636.676134265853,2018
39085,644.183575820887,2018
39087,720.182069389025,2018
39089,714.575606365331,2018
39091,630.163912739704,2018
39093,694.79561208757,2018
39095,596.741945619181,2018
39097,698.615005866785,2018
39099,653.329730139824,2018
39101,618.427586292136,2018
39103,678.851951974343,2018
39105,729.999953485742,2018
39107,650.343512681061,2018
39109,695.717434253419,2018
39111,833.550802050483,2018
39113,624.189094278696,2018
39115,734.510614884012,2018
39117,653.654245093652,2018
39119,715.881524173441,2018
39121,758.862458650174,2018
39123,615.241473095706,2018
39125,677.158839180275,2018
39127,758.413388242138,2018
39129,765.702000314166,2018
39131,772.691140398291,2018
39133,634.424183439923,2018
39135,699.244263411989,2018
39137,642.128661098491,2018
39139,608.891647600336,2018
39141,760.197223048021,2018
39143,616.345608146702,2018
39145,711.195182201897,2018
39147,577.48030086594,2018
39149,629.71177898719,2018
39151,675.829836386036,2018
39153,665.494609496452,2018
39155,703.431506613863,2018
39157,654.520490946634,2018
39159,638.564933211396,2018
39161,717.201518497581,2018
39163,776.661931323162,2018
39165,773.507937725091,2018
39167,799.013641918428,2018
39169,690.02320200164,2018
39171,655.418419239409,2018
39173,614.061055266796,2018
39175,602.930375208098,2018
40001,653.538028004655,2018
40003,521.524714949719,2018
40005,514.687121017216,2018
40007,496.232528240725,2018
40009,349.120238196036,2018
40011,401.577284251926,2018
40013,524.583451680346,2018
40015,340.886925542347,2018
40017,415.226792524656,2018
40019,466.869221141267,2018
40021,618.65786389614,2018
40023,441.043595750017,2018
40025,297.673234418354,2018
40027,567.299775640358,2018
40029,547.720160766876,2018
40031,340.043745238557,2018
40033,373.506337027438,2018
40035,541.474368027217,2018
40037,580.010283580974,2018
40039,340.811026828161,2018
40041,552.130035271223,2018
40043,424.941335109866,2018
40045,517.978056854693,2018
40047,505.622325635277,2018
40049,571.545790978674,2018
40051,406.766388218047,2018
40053,556.645909322504,2018
40055,311.871527830029,2018
40057,241.632932059764,2018
40059,537.025968090102,2018
40061,706.76077419453,2018
40063,631.170428010901,2018
40065,277.515685477734,2018
40067,349.003997506556,2018
40069,550.446324656967,2018
40071,506.975424490981,2018
40073,475.507224071246,2018
40075,322.283366434531,2018
40077,712.366107947933,2018
40079,827.313952905383,2018
40081,582.753882315589,2018
40083,519.271466462225,2018
40085,402.922129368978,2018
40087,545.446444406869,2018
40089,528.145498214208,2018
40091,760.398537448086,2018
40093,465.11293535567,2018
40095,445.206893264579,2018
40097,520.934922284686,2018
40099,562.387212407302,2018
40101,649.326887912945,2018
40103,443.759125353372,2018
40105,490.18588202328,2018
40107,669.51315177963,2018
40109,553.094060219177,2018
40111,614.422794728677,2018
40113,487.934451346083,2018
40115,624.702601322546,2018
40117,448.044699285382,2018
40119,527.493724551931,2018
40121,639.048326963847,2018
40123,582.294683588307,2018
40125,574.134785318924,2018
40127,599.412552700082,2018
40129,335.691312257896,2018
40131,455.098101258583,2018
40133,646.600999088382,2018
40135,690.227546251241,2018
40137,461.167347300409,2018
40139,360.290750648795,2018
40141,255.940191791871,2018
40143,519.051389971981,2018
40145,560.788442184244,2018
40147,508.724478374682,2018
40149,325.887816693089,2018
40151,583.934897318319,2018
40153,489.201240221065,2018
41001,155.328948119291,2018
41003,281.397977378896,2018
41005,295.436826776282,2018
41007,603.552066206046,2018
41009,281.472975450836,2018
41011,454.592475075084,2018
41013,99.9296233274573,2018
41015,606.236702194508,2018
41017,84.2597975037364,2018
41019,257.830065744193,2018
41021,97.6914906805895,2018
41023,169.581249059952,2018
41025,97.6896605738538,2018
41027,165.940186908014,2018
41029,164.229652965029,2018
41031,88.7913414815868,2018
41033,277.273666885514,2018
41035,157.952820876534,2018
41037,135.009909303139,2018
41039,303.704294164617,2018
41041,483.60885705384,2018
41043,279.798562485246,2018
41045,81.2083972828679,2018
41047,282.80974317514,2018
41049,90.6100655333017,2018
41051,279.71241971936,2018
41053,290.210804728603,2018
41055,80.32856224381,2018
41057,625.149322827801,2018
41059,142.001344269325,2018
41061,223.71113840132,2018
41063,241.621350862651,2018
41065,85.9158301216342,2018
41067,243.522997983944,2018
41069,171.624901631005,2018
41071,269.532256541721,2018
42001,866.674550381576,2018
42003,713.031484431286,2018
42005,742.765959353369,2018
42007,683.759898094796,2018
42009,818.048066485175,2018
42011,998.771417476599,2018
42013,796.244650016621,2018
42015,813.02930001025,2018
42017,866.132840949803,2018
42019,650.981674581834,2018
42021,837.724220105025,2018
42023,719.5019346673,2018
42025,973.544212639598,2018
42027,832.544460163306,2018
42029,869.365367427842,2018
42031,702.757410000684,2018
42033,823.965474341741,2018
42035,837.510033160955,2018
42037,964.560729017255,2018
42039,729.729864527433,2018
42041,849.40855601203,2018
42043,975.250219060317,2018
42045,825.280212443289,2018
42047,744.576581611771,2018
42049,691.24779684652,2018
42051,833.329193286414,2018
42053,753.251093960521,2018
42055,837.457345609623,2018
42057,897.728995477317,2018
42059,720.526520166491,2018
42061,822.223885559365,2018
42063,831.539950663251,2018
42065,759.300950619815,2018
42067,799.525254934369,2018
42069,847.239939432293,2018
42071,885.474739976149,2018
42073,699.556424768158,2018
42075,1085.62056327041,2018
42077,999.58845260126,2018
42079,922.799684040389,2018
42081,925.472569554802,2018
42083,668.204626975563,2018
42085,718.244315516932,2018
42087,778.42134570983,2018
42089,958.008572492121,2018
42091,942.720766209499,2018
42093,962.878618568782,2018
42095,905.693088383621,2018
42097,922.856805317889,2018
42099,800.271709408001,2018
42101,767.507769571846,2018
42103,799.382575051432,2018
42105,743.39029723254,2018
42107,1061.03709847291,2018
42109,826.232184999244,2018
42111,852.11352210275,2018
42113,942.440682217149,2018
42115,937.472194695503,2018
42117,680.691259922719,2018
42119,868.57701719619,2018
42121,694.668022466395,2018
42123,643.183519441878,2018
42125,703.353734755258,2018
42127,785.26921744432,2018
42129,847.092054725412,2018
42131,876.158110892851,2018
42133,912.164604434542,2018
44001,621.351793168376,2018
44003,651.016075013238,2018
44005,500.437083691752,2018
44007,663.086158405356,2018
44009,534.477366781976,2018
45001,783.416377370475,2018
45003,745.701372336311,2018
45005,778.089503263642,2018
45007,801.269370515906,2018
45009,858.397982166247,2018
45011,874.869145704035,2018
45013,771.259796972628,2018
45015,845.324521748749,2018
45017,778.478318994959,2018
45019,897.151930847946,2018
45021,781.510275587804,2018
45023,627.137366182314,2018
45025,609.385798001739,2018
45027,744.045705248089,2018
45029,892.814667385503,2018
45031,636.556384805836,2018
45033,689.6844818351,2018
45035,844.539013752337,2018
45037,673.477158645332,2018
45039,582.857800879204,2018
45041,712.275242822713,2018
45043,894.182926860168,2018
45045,850.492411061168,2018
45047,770.034335393049,2018
45049,755.846689428694,2018
45051,791.671154207196,2018
45053,767.492141757649,2018
45055,596.759208274185,2018
45057,556.411526280047,2018
45059,742.330060395165,2018
45061,647.792597732635,2018
45063,610.231637134395,2018
45065,705.849418729944,2018
45067,742.362374892121,2018
45069,628.224136893833,2018
45071,689.459962491879,2018
45073,1033.87296467792,2018
45075,763.993553585136,2018
45077,857.601898338031,2018
45079,693.329291570132,2018
45081,635.333217217573,2018
45083,796.679868335024,2018
45085,772.364402472983,2018
45087,713.611241019333,2018
45089,767.914568661427,2018
45091,680.16437206361,2018
46003,437.578055623642,2018
46005,360.295546776332,2018
46007,501.727161529195,2018
46009,640.163940883242,2018
46011,559.391046897194,2018
46013,342.065017801046,2018
46015,408.663153329082,2018
46017,378.290983644599,2018
46019,481.870749171689,2018
46021,387.408432771277,2018
46023,599.834232918728,2018
46025,389.5378082844,2018
46027,688.295022033652,2018
46029,377.761033695706,2018
46031,371.866505296848,2018
46033,504.709871615665,2018
46035,457.828455605787,2018
46037,393.306169958349,2018
46039,485.59888727573,2018
46041,355.736456382745,2018
46043,584.93884265887,2018
46045,311.385096952687,2018
46047,441.772998943861,2018
46049,328.061675368324,2018
46051,424.022474694238,2018
46053,598.21204846603,2018
46055,342.976162904932,2018
46057,471.737514129243,2018
46059,402.81875980346,2018
46061,495.770512546796,2018
46063,326.200746011396,2018
46065,351.984267705833,2018
46067,644.656359375292,2018
46069,362.731219208978,2018
46071,455.434513379515,2018
46073,413.3367425248,2018
46075,386.551613372743,2018
46077,428.20502240521,2018
46079,544.104801918389,2018
46081,543.50907677105,2018
46083,728.531213296502,2018
46085,398.546402527071,2018
46087,594.996918120963,2018
46089,382.688070615846,2018
46091,442.534639531766,2018
46093,431.239672078676,2018
46095,417.291110190526,2018
46097,472.763271649037,2018
46099,701.362824041702,2018
46101,652.329212495642,2018
46103,433.072560986659,2018
46105,377.135317824043,2018
46107,329.565678565078,2018
46109,462.969777486589,2018
46111,424.588746793181,2018
46113,470.121740669412,2018
46115,349.59224062553,2018
46117,357.484788124107,2018
46119,348.635603497484,2018
46121,497.827782141655,2018
46123,498.824041459269,2018
46125,692.418484090015,2018
46127,698.556619682476,2018
46129,366.385932843849,2018
46135,657.415355330882,2018
46137,369.806583088548,2018
47001,668.286197025265,2018
47003,752.737935301736,2018
47005,748.728357788944,2018
47007,1033.7600582792,2018
47009,804.516391007439,2018
47011,1014.10603575982,2018
47013,746.547901671659,2018
47015,800.092948879767,2018
47017,786.353392107815,2018
47019,897.91850473758,2018
47021,666.783927870637,2018
47023,815.175865147784,2018
47025,683.686944516495,2018
47027,762.257386604662,2018
47029,630.350879651373,2018
47031,849.042440813036,2018
47033,760.470140326968,2018
47035,962.577843500127,2018
47037,712.278124096967,2018
47039,756.417020092189,2018
47041,862.907299146617,2018
47043,722.921177472765,2018
47045,669.888370548367,2018
47047,764.054149498848,2018
47049,844.793947709881,2018
47051,816.372248138828,2018
47053,688.781448183239,2018
47055,804.535057941641,2018
47057,626.914474648793,2018
47059,686.43867172196,2018
47061,982.491619910374,2018
47063,662.400403380322,2018
47065,987.683361975809,2018
47067,655.765625282625,2018
47069,824.177569226668,2018
47071,800.172880443694,2018
47073,617.075213378908,2018
47075,709.630879568111,2018
47077,786.07723450822,2018
47079,803.711972535829,2018
47081,723.420257438683,2018
47083,757.096069757981,2018
47085,792.456657085227,2018
47087,857.827758982798,2018
47089,583.3340335619,2018
47091,859.200011502557,2018
47093,670.779104305779,2018
47095,636.596156222922,2018
47097,684.683220354323,2018
47099,814.07704285992,2018
47101,760.559856831261,2018
47103,758.26167431438,2018
47105,863.886237057925,2018
47107,1075.86940846,2018
47109,857.947542445837,2018
47111,835.441747347143,2018
47113,879.246665549298,2018
47115,911.510112222731,2018
47117,822.305212307783,2018
47119,796.4735563203,2018
47121,1009.92591993852,2018
47123,952.758303500705,2018
47125,781.967796913394,2018
47127,845.65885747576,2018
47129,887.295433781265,2018
47131,658.501643005628,2018
47133,846.485737596069,2018
47135,792.459536625438,2018
47137,869.954456604647,2018
47139,1113.68299122912,2018
47141,878.873160587387,2018
47143,1055.07230889642,2018
47145,842.505325222563,2018
47147,727.48654718698,2018
47149,742.599111126225,2018
47151,777.429592999465,2018
47153,978.576422605011,2018
47155,643.977009696325,2018
47157,737.893255250549,2018
47159,783.332946799488,2018
47161,763.193702685625,2018
47163,763.972230502282,2018
47165,750.541786086401,2018
47167,709.817576800046,2018
47169,767.013351026619,2018
47171,980.194506855489,2018
47173,631.85529407477,2018
47175,884.741545561916,2018
47177,805.860314870139,2018
47179,807.780130414684,2018
47181,802.198828761261,2018
47183,739.838784011648,2018
47185,949.225178875469,2018
47187,722.000804909404,2018
47189,735.268162272629,2018
48001,382.249885809008,2018
48003,219.679386664844,2018
48005,572.190353433142,2018
48007,489.440505171164,2018
48009,351.465887155861,2018
48011,205.13654371005,2018
48013,267.591274069354,2018
48015,445.87206033909,2018
48017,234.578061166704,2018
48019,340.314666054812,2018
48021,369.517274788571,2018
48023,309.743109036741,2018
48025,359.082420483576,2018
48027,295.297116257643,2018
48029,311.435110423217,2018
48031,293.320135755206,2018
48033,180.737179879109,2018
48035,363.898069506858,2018
48037,452.216888074115,2018
48039,568.379992314335,2018
48041,426.256729155641,2018
48043,142.010993458911,2018
48045,232.123698763422,2018
48047,367.343090840718,2018
48049,284.357068103849,2018
48051,422.546895159693,2018
48053,356.900921489553,2018
48055,293.905924898781,2018
48057,449.945688816777,2018
48059,306.746041358286,2018
48061,366.227258901308,2018
48063,389.181521806364,2018
48065,266.171388690781,2018
48067,438.585728008796,2018
48069,263.439635255731,2018
48071,665.89034994135,2018
48073,468.90358366389,2018
48075,319.68565078144,2018
48077,389.075183724801,2018
48079,211.171383450892,2018
48081,316.030396449391,2018
48083,273.234481851183,2018
48085,431.945256447512,2018
48087,289.330960926735,2018
48089,418.416557915242,2018
48091,278.727316985757,2018
48093,264.805394715629,2018
48095,304.193977433081,2018
48097,403.588949503547,2018
48099,340.905011392744,2018
48101,257.854252015188,2018
48103,190.609428155508,2018
48105,210.495709545226,2018
48107,267.290765288557,2018
48109,100.691383804087,2018
48111,300.903173791743,2018
48113,399.905510836426,2018
48115,202.466809735709,2018
48117,232.69803488613,2018
48119,416.226517210452,2018
48121,377.948560623262,2018
48123,317.555872789328,2018
48125,360.798498231109,2018
48127,187.876616747248,2018
48129,284.886464859184,2018
48131,378.165271898442,2018
48133,305.178657436662,2018
48135,199.826807693329,2018
48137,284.619523005304,2018
48139,422.154551074908,2018
48141,65.7790675430264,2018
48143,310.280461520593,2018
48145,343.411137090663,2018
48147,460.331519939897,2018
48149,424.93833187683,2018
48151,249.023899732937,2018
48153,254.799087332275,2018
48155,297.269008364919,2018
48157,548.006815023317,2018
48159,374.91769548122,2018
48161,361.306496009688,2018
48163,247.856408676012,2018
48165,231.288453881262,2018
48167,567.807528647478,2018
48169,235.261488159723,2018
48171,232.902236463931,2018
48173,181.237396314711,2018
48175,398.731262731861,2018
48177,350.352830655562,2018
48179,360.93509084728,2018
48181,415.035177597081,2018
48183,452.907860335449,2018
48185,536.434784130963,2018
48187,295.931246883549,2018
48189,181.823992625533,2018
48191,317.239053374672,2018
48193,367.32783434078,2018
48195,353.448563148683,2018
48197,255.707004647422,2018
48199,647.141235555316,2018
48201,643.761942072732,2018
48203,483.396193463818,2018
48205,258.299807001384,2018
48207,291.405730366075,2018
48209,375.008256462283,2018
48211,376.897066700926,2018
48213,364.502956101159,2018
48215,323.18607147566,2018
48217,390.684757761717,2018
48219,197.720189605632,2018
48221,284.917627137482,2018
48223,393.847674218913,2018
48225,466.343453814919,2018
48227,168.861113685165,2018
48229,81.4275530603591,2018
48231,420.950088854475,2018
48233,311.416183966894,2018
48235,248.391436344333,2018
48237,338.55836390441,2018
48239,469.373485741213,2018
48241,815.377771433917,2018
48243,161.373486786566,2018
48245,797.929551837903,2018
48247,308.409985841762,2018
48249,453.293617451396,2018
48251,347.738215515783,2018
48253,321.162871170989,2018
48255,302.932772217989,2018
48257,426.405992807356,2018
48259,257.955381707413,2018
48261,436.498285681022,2018
48263,300.617095459127,2018
48265,279.806970429233,2018
48267,258.031863391782,2018
48269,263.175286187845,2018
48271,184.972527275031,2018
48273,351.055348261822,2018
48275,272.319608642082,2018
48277,431.104330809245,2018
48279,204.568381280291,2018
48281,348.076722753768,2018
48283,187.655461173363,2018
48285,411.802177489694,2018
48287,432.017317758423,2018
48289,362.712885103788,2018
48291,617.041675892017,2018
48293,357.402515673663,2018
48295,494.843989059515,2018
48297,292.394004031608,2018
48299,268.056588816537,2018
48301,191.597948035718,2018
48303,179.602460312667,2018
48305,208.53745846812,2018
48307,326.412828229706,2018
48309,310.240193730146,2018
48311,253.694973236334,2018
48313,475.886964184208,2018
48315,461.652751246314,2018
48317,179.415116263088,2018
48319,299.337440164512,2018
48321,522.629955463104,2018
48323,122.562342832135,2018
48325,395.280593474304,2018
48327,350.40358151043,2018
48329,161.389129219154,2018
48331,348.005134977124,2018
48333,262.054492603708,2018
48335,268.308088326924,2018
48337,360.682437587914,2018
48339,632.876715740303,2018
48341,273.702089462946,2018
48343,387.137454889305,2018
48345,316.82492910802,2018
48347,481.966297235656,2018
48349,438.858286913373,2018
48351,803.048667203356,2018
48353,273.90825478678,2018
48355,404.107101545372,2018
48357,463.656714310954,2018
48359,206.534972341867,2018
48361,827.943989895803,2018
48363,337.674905370776,2018
48365,564.720379512564,2018
48367,323.702441649636,2018
48369,289.575458555622,2018
48371,188.971606940095,2018
48373,693.682639446973,2018
48375,201.295245286836,2018
48377,115.455746854377,2018
48379,382.8700633025,2018
48381,204.458498810598,2018
48383,189.62514212806,2018
48385,317.439854335427,2018
48387,429.301988390563,2018
48389,140.906992318976,2018
48391,529.892125524283,2018
48393,418.881317619927,2018
48395,317.689657924073,2018
48397,419.544864541305,2018
48399,333.33593475471,2018
48401,490.577028212481,2018
48403,724.090973631957,2018
48405,675.596179019314,2018
48407,654.01884864107,2018
48409,444.186123708556,2018
48411,318.614536408508,2018
48413,266.217864524162,2018
48415,225.254256612831,2018
48417,326.750416001861,2018
48419,575.113205166339,2018
48421,379.460112422827,2018
48423,412.874497475852,2018
48425,411.34066353192,2018
48427,313.760413188493,2018
48429,316.474135555541,2018
48431,238.326993771191,2018
48433,251.448040268066,2018
48435,221.38165481827,2018
48437,225.552081173,2018
48439,318.641899211044,2018
48441,320.557283629465,2018
48443,170.838703384836,2018
48445,189.649755033635,2018
48447,360.972610588362,2018
48449,428.794936610465,2018
48451,320.445833449123,2018
48453,373.44563596233,2018
48455,570.940360737417,2018
48457,790.41343340969,2018
48459,400.053238161588,2018
48461,154.621965084078,2018
48463,212.147348074923,2018
48465,200.88023009227,2018
48467,340.718737550689,2018
48469,492.533378950423,2018
48471,584.261040912167,2018
48473,543.271626341855,2018
48475,143.326107095133,2018
48477,483.608265148734,2018
48479,179.382765317111,2018
48481,461.113597797254,2018
48483,348.515519057039,2018
48485,320.317220719509,2018
48487,283.373772585144,2018
48489,349.583428703064,2018
48491,324.331725502808,2018
48493,286.900860967966,2018
48495,185.495956737351,2018
48497,302.943072604005,2018
48499,382.853384329913,2018
48501,208.993269163195,2018
48503,348.418683936673,2018
48505,147.247494468847,2018
48507,170.098626873461,2018
49001,116.042352072517,2018
49003,135.781245682341,2018
49005,173.761658859174,2018
49007,83.4406559681131,2018
49009,129.578516135024,2018
49011,162.588283623032,2018
49013,79.6819299855242,2018
49015,70.2539999826638,2018
49017,107.628134283721,2018
49019,79.7529513629705,2018
49021,120.400102873093,2018
49023,137.650515037879,2018
49025,167.050956354689,2018
49027,113.277024634393,2018
49029,171.951178721587,2018
49031,116.853642393791,2018
49033,125.541147516477,2018
49035,182.154699322272,2018
49037,85.1054735743838,2018
49039,119.971788938212,2018
49041,88.8471246640081,2018
49043,156.460974655441,2018
49045,137.662292682546,2018
49047,61.713840311187,2018
49049,155.705636843387,2018
49051,175.055788972715,2018
49053,124.773746428409,2018
49055,72.0546432900903,2018
49057,146.110242681891,2018
50001,450.798776587796,2018
50003,676.311008755771,2018
50005,549.283189635254,2018
50007,492.454598921576,2018
50009,550.698316574763,2018
50011,474.278935158635,2018
50013,443.852216754058,2018
50015,517.329551937597,2018
50017,498.539971137974,2018
50019,515.381156328723,2018
50021,555.733667006802,2018
50023,529.316325596164,2018
50025,728.764762536477,2018
50027,558.118721969258,2018
51001,664.409892042164,2018
51003,966.952926591554,2018
51005,695.365378262687,2018
51007,778.495196625124,2018
51009,849.744581315873,2018
51011,778.842608708978,2018
51013,NA,2018
51015,848.998028733877,2018
51017,796.18131927253,2018
51019,856.32543747383,2018
51021,744.554930343601,2018
51023,810.342426220697,2018
51025,748.295767370032,2018
51027,668.387064671508,2018
51029,840.903365509753,2018
51031,814.358514654086,2018
51033,996.11131649118,2018
51035,789.384646540465,2018
51036,901.916258685776,2018
51037,796.01868319154,2018
51041,830.055450831161,2018
51043,936.016388570133,2018
51045,757.79315479169,2018
51047,988.749305060011,2018
51049,777.189811890484,2018
51051,788.995102692854,2018
51053,788.945085894703,2018
51057,1098.58892897256,2018
51059,971.628010786633,2018
51061,918.121637367286,2018
51063,717.941849767286,2018
51065,887.240384834597,2018
51067,819.195112336469,2018
51069,963.295053279256,2018
51071,776.899553876635,2018
51073,854.739613240883,2018
51075,792.830359779836,2018
51077,817.330174332793,2018
51079,1096.20953897248,2018
51081,760.66198632404,2018
51083,811.56806131071,2018
51085,901.667231002979,2018
51087,943.324619639539,2018
51089,793.082456611614,2018
51091,823.222319482527,2018
51093,864.442869415974,2018
51095,864.755957997712,2018
51097,966.990527419406,2018
51099,915.956342746272,2018
51101,1011.10917304469,2018
51103,911.272050207156,2018
51105,671.258437183564,2018
51107,898.82428273103,2018
51109,819.935731072422,2018
51111,768.697501238887,2018
51113,1102.23374470062,2018
51115,881.468985108513,2018
51117,825.481639627801,2018
51119,875.516525466622,2018
51121,648.855251612849,2018
51125,922.195199757349,2018
51127,922.29550265726,2018
51131,628.838941315037,2018
51133,879.850823252862,2018
51135,755.938726392753,2018
51137,939.212855116565,2018
51139,773.27023851556,2018
51141,870.653692489925,2018
51143,819.34438906698,2018
51145,750.102705108942,2018
51147,743.272198511228,2018
51149,834.218180909452,2018
51153,988.530943137236,2018
51155,668.233360352731,2018
51157,1033.55034362181,2018
51159,944.325686101152,2018
51161,802.910938248277,2018
51163,698.43473063161,2018
51165,902.2410730176,2018
51167,758.348072620705,2018
51169,686.705289584206,2018
51171,922.967020545276,2018
51173,760.565716863188,2018
51175,871.872034542522,2018
51177,810.22494357212,2018
51179,826.411313007882,2018
51181,825.844787534694,2018
51183,832.510613647396,2018
51185,734.722023351721,2018
51187,903.099919926242,2018
51191,751.629297363621,2018
51193,984.256705537266,2018
51195,763.101937512093,2018
51197,758.853536954361,2018
51199,784.262603674642,2018
51550,871.507928767253,2018
51800,811.116637908746,2018
51810,1019.57467888627,2018
53001,95.4584308090219,2018
53003,206.863264837656,2018
53005,64.8128473031692,2018
53007,136.101079942587,2018
53009,213.386241957583,2018
53011,313.791101988135,2018
53013,175.966885148697,2018
53015,317.579655429487,2018
53017,123.772828410468,2018
53019,206.73146996095,2018
53021,69.7394169695096,2018
53023,178.165664118214,2018
53025,76.2716231496905,2018
53027,450.271253405886,2018
53029,225.909973606686,2018
53031,312.891026554675,2018
53033,330.337568432812,2018
53035,252.430635966914,2018
53037,77.2553073642716,2018
53039,92.5619287735565,2018
53041,313.325185118115,2018
53043,129.518044455195,2018
53045,470.383810932263,2018
53047,141.632504534161,2018
53049,579.868764445027,2018
53051,223.16260605225,2018
53053,268.213405281666,2018
53055,160.162168827787,2018
53057,291.540643893758,2018
53059,361.60317048062,2018
53061,405.102894877522,2018
53063,179.52400025769,2018
53065,217.197323642921,2018
53067,274.64445487892,2018
53069,498.291023647403,2018
53071,129.036852229943,2018
53073,287.128405770402,2018
53075,160.06317307611,2018
53077,54.0056563003138,2018
54001,951.685088076919,2018
54003,940.899391151927,2018
54005,753.278198243685,2018
54007,903.354305248284,2018
54009,780.654041863998,2018
54011,711.672995300932,2018
54013,867.137768632413,2018
54015,852.595251534423,2018
54017,855.743662314709,2018
54019,820.977345793372,2018
54021,814.150891350499,2018
54023,773.442224498967,2018
54025,804.548770068629,2018
54027,919.038799348668,2018
54029,695.316097186733,2018
54031,795.035240577244,2018
54033,817.030796575022,2018
54035,693.566744154798,2018
54037,916.988083964539,2018
54039,796.288029395226,2018
54041,887.687035578201,2018
54043,701.6542943935,2018
54045,718.820197299852,2018
54047,699.68453362987,2018
54049,818.784359237205,2018
54051,782.240783226538,2018
54053,689.598728944208,2018
54055,780.004045744448,2018
54057,834.65791990266,2018
54059,734.776784880545,2018
54061,822.667573846732,2018
54063,770.163235163251,2018
54065,932.339346304896,2018
54067,894.554022733447,2018
54069,752.209847608916,2018
54071,881.939000064442,2018
54073,873.721562455798,2018
54075,846.327994233101,2018
54077,890.327277751265,2018
54079,736.639232142021,2018
54081,770.820241487535,2018
54083,979.230250022085,2018
54085,829.579668921754,2018
54087,789.269243581841,2018
54089,754.979548345484,2018
54091,859.036272501344,2018
54093,1066.85610790967,2018
54095,899.965552013329,2018
54097,901.810721137873,2018
54099,691.236284655753,2018
54101,951.229105623884,2018
54103,867.965535452837,2018
54105,748.64626477026,2018
54107,753.116677155032,2018
54109,777.578420006212,2018
55001,843.756176890056,2018
55003,676.299491752697,2018
55005,531.109238655731,2018
55007,642.121434000901,2018
55009,587.153918722318,2018
55011,607.485042014723,2018
55013,555.904984182654,2018
55015,709.78478474982,2018
55017,451.557390729796,2018
55019,471.449884149448,2018
55021,828.756172935797,2018
55023,713.748082066789,2018
55025,878.784987872316,2018
55027,787.192600315366,2018
55029,517.404582086688,2018
55031,562.598939317566,2018
55033,509.335765081038,2018
55035,540.809674836953,2018
55037,433.96029637553,2018
55039,729.400524921596,2018
55041,447.996742991695,2018
55043,708.998423186481,2018
55045,715.349351625349,2018
55047,816.938333431866,2018
55049,774.162348217833,2018
55051,664.824138699729,2018
55053,568.74545597316,2018
55055,751.743595612954,2018
55057,841.390972934906,2018
55059,623.121653554268,2018
55061,570.2594071992,2018
55063,727.504682802175,2018
55065,674.859925212111,2018
55067,467.682620743475,2018
55069,444.454941517301,2018
55071,625.862129458591,2018
55073,504.181536835659,2018
55075,479.862123245777,2018
55077,924.153180391432,2018
55078,545.258963850557,2018
55079,625.89613458748,2018
55081,785.798218542086,2018
55083,486.704906157315,2018
55085,496.595570954793,2018
55087,602.760285238985,2018
55089,658.602001058779,2018
55091,567.447731939897,2018
55093,549.927610277603,2018
55095,493.457613652267,2018
55097,678.211139378037,2018
55099,538.988639041483,2018
55101,620.697537744734,2018
55103,699.65617205193,2018
55105,698.564315235469,2018
55107,517.527574205012,2018
55109,474.775205315895,2018
55111,790.860789949813,2018
55113,562.106753016466,2018
55115,569.43237804341,2018
55117,589.123608679553,2018
55119,440.62802521819,2018
55121,581.722551853511,2018
55123,847.99619047466,2018
55125,564.1662031901,2018
55127,651.174782706315,2018
55129,503.845449034514,2018
55131,699.045068652692,2018
55133,658.867718325147,2018
55135,639.424596354234,2018
55137,765.112491263764,2018
55139,700.010210971859,2018
55141,577.847273311771,2018
56001,200.056705112561,2018
56003,180.590120220029,2018
56005,369.197252881853,2018
56007,116.940796151718,2018
56009,363.026932049271,2018
56011,413.485737334278,2018
56013,216.458543315287,2018
56015,373.833561874888,2018
56017,224.18998430062,2018
56019,284.892703316824,2018
56021,413.67199311752,2018
56023,175.608471062599,2018
56025,263.582932733028,2018
56027,460.460581935018,2018
56029,223.451706955636,2018
56031,345.296378695743,2018
56033,325.537640472969,2018
56035,181.647426307131,2018
56037,110.287311864024,2018
56039,374.716623806974,2018
56041,111.761939403773,2018
56043,176.092722832786,2018
56045,482.201514325266,2018
